# --- Sample dataset

# --- !Ups

insert into hotel (id,name,filter) values ( 1,'The Ripley Court Hotel','Smoke Free, Include Meals');
insert into hotel (id,name,filter) values ( 2,'Jurys Inn','Family Friendly, Free Wifi,Smoke Free' );
insert into hotel (id,name,filter) values ( 3,'Clayton Hotel','Include Meals, Free Wifi' );
insert into hotel (id,name,filter) values ( 4,'Temple Bar Inn',' Include Meals,Free Wifi' );
insert into hotel (id,name,filter) values ( 5,'Hillton Garden Inn','Family Friendly');


insert into room (id,number,hotel_id,description,price,state,people) values ( 1,1,1,'Free Wifi, Flat Screen',15,'Available',1);
insert into room (id,number,hotel_id,description,price,state,people) values ( 2,2,1,'Free Wifi, Flat Screen',15,'Available',1);
insert into room (id,number,hotel_id,description,price,state,people) values ( 3,3,1,'Free Wifi, Flat Screen',15,'Available',1);
insert into room (id,number,hotel_id,description,price,state,people) values ( 4,4,1,'Free Wifi, Flat Screen',15,'Available',1);
insert into room (id,number,hotel_id,description,price,state,people) values ( 5,5,1,'Free Wifi, Flat Screen',15,'Available',1);
insert into room (id,number,hotel_id,description,price,state,people) values ( 6,6,1,'Free Wifi, Flat Screen',15,'Available',1);
insert into room (id,number,hotel_id,description,price,state,people) values ( 7,7,1,'Free Wifi, Flat Screen',15,'Available',1);
insert into room (id,number,hotel_id,description,price,state,people) values ( 8,8,1,'Free Wifi, Flat Screen',15,'Available',1);
insert into room (id,number,hotel_id,description,price,state,people) values ( 9,9,1,'Free Wifi, Flat Screen',15,'Available',1);
insert into room (id,number,hotel_id,description,price,state,people) values ( 10,10,1,'Free Wifi, Flat Screen',15,'Available',1);

insert into room (id,number,hotel_id,description,price,state,people) values ( 11,1,2,'Free Wifi, Flat Screen',15,'Available',1);
insert into room (id,number,hotel_id,description,price,state,people) values ( 12,2,2,'Free Wifi, Flat Screen',15,'Available',1);
insert into room (id,number,hotel_id,description,price,state,people) values ( 13,3,2,'Free Wifi, Flat Screen',15,'Available',1);
insert into room (id,number,hotel_id,description,price,state,people) values ( 14,4,2,'Free Wifi, Flat Screen',15,'Available',1);
insert into room (id,number,hotel_id,description,price,state,people) values ( 15,5,2,'Free Wifi, Flat Screen',15,'Available',1);
insert into room (id,number,hotel_id,description,price,state,people) values ( 16,6,2,'Free Wifi, Flat Screen',15,'Available',1);
insert into room (id,number,hotel_id,description,price,state,people) values ( 17,7,2,'Free Wifi, Flat Screen',15,'Available',1);
insert into room (id,number,hotel_id,description,price,state,people) values ( 18,8,2,'Free Wifi, Flat Screen',15,'Available',1);
insert into room (id,number,hotel_id,description,price,state,people) values ( 19,9,2,'Free Wifi, Flat Screen',15,'Available',1);
insert into room (id,number,hotel_id,description,price,state,people) values ( 20,10,2,'Free Wifi, Flat Screen',15,'Available',1);

insert into room (id,number,hotel_id,description,price,state,people) values ( 21,1,3,'Free Wifi, Flat Screen',15,'Available',1);
insert into room (id,number,hotel_id,description,price,state,people) values ( 22,2,3,'Free Wifi, Flat Screen',15,'Available',1);
insert into room (id,number,hotel_id,description,price,state,people) values ( 23,3,3,'Free Wifi, Flat Screen',15,'Available',1);
insert into room (id,number,hotel_id,description,price,state,people) values ( 24,4,3,'Free Wifi, Flat Screen',15,'Available',1);
insert into room (id,number,hotel_id,description,price,state,people) values ( 25,5,3,'Free Wifi, Flat Screen',15,'Available',1);
insert into room (id,number,hotel_id,description,price,state,people) values ( 26,6,3,'Free Wifi, Flat Screen',15,'Available',1);
insert into room (id,number,hotel_id,description,price,state,people) values ( 27,7,3,'Free Wifi, Flat Screen',15,'Available',1);
insert into room (id,number,hotel_id,description,price,state,people) values ( 28,8,3,'Free Wifi, Flat Screen',15,'Available',1);
insert into room (id,number,hotel_id,description,price,state,people) values ( 29,9,3,'Free Wifi, Flat Screen',15,'Available',1);
insert into room (id,number,hotel_id,description,price,state,people) values ( 30,10,3,'Free Wifi, Flat Screen',15,'Available',1);

insert into room (id,number,hotel_id,description,price,state,people) values ( 31,1,4,'Free Wifi, Flat Screen',15,'Available',1);
insert into room (id,number,hotel_id,description,price,state,people) values ( 32,2,4,'Free Wifi, Flat Screen',15,'Available',1);
insert into room (id,number,hotel_id,description,price,state,people) values ( 33,3,4,'Free Wifi, Flat Screen',15,'Available',1);
insert into room (id,number,hotel_id,description,price,state,people) values ( 34,4,4,'Free Wifi, Flat Screen',15,'Available',1);
insert into room (id,number,hotel_id,description,price,state,people) values ( 35,5,4,'Free Wifi, Flat Screen',15,'Available',1);
insert into room (id,number,hotel_id,description,price,state,people) values ( 36,6,4,'Free Wifi, Flat Screen',15,'Available',1);
insert into room (id,number,hotel_id,description,price,state,people) values ( 37,7,4,'Free Wifi, Flat Screen',15,'Available',1);
insert into room (id,number,hotel_id,description,price,state,people) values ( 38,8,4,'Free Wifi, Flat Screen',15,'Available',1);
insert into room (id,number,hotel_id,description,price,state,people) values ( 39,9,4,'Free Wifi, Flat Screen',15,'Available',1);
insert into room (id,number,hotel_id,description,price,state,people) values ( 40,10,4,'Free Wifi, Flat Screen',15,'Available',1);

insert into room (id,number,hotel_id,description,price,state,people) values ( 41,1,5,'Free Wifi, Flat Screen',15,'Available',1);
insert into room (id,number,hotel_id,description,price,state,people) values ( 42,2,5,'Free Wifi, Flat Screen',15,'Available',1);
insert into room (id,number,hotel_id,description,price,state,people) values ( 43,3,5,'Free Wifi, Flat Screen',15,'Available',1);
insert into room (id,number,hotel_id,description,price,state,people) values ( 44,4,5,'Free Wifi, Flat Screen',15,'Available',1);
insert into room (id,number,hotel_id,description,price,state,people) values ( 45,5,5,'Free Wifi, Flat Screen',15,'Available',1);
insert into room (id,number,hotel_id,description,price,state,people) values ( 46,6,5,'Free Wifi, Flat Screen',15,'Available',1);
insert into room (id,number,hotel_id,description,price,state,people) values ( 47,7,5,'Free Wifi, Flat Screen',15,'Available',1);
insert into room (id,number,hotel_id,description,price,state,people) values ( 48,8,5,'Free Wifi, Flat Screen',15,'Available',1);
insert into room (id,number,hotel_id,description,price,state,people) values ( 49,9,5,'Free Wifi, Flat Screen',15,'Available',1);
insert into room (id,number,hotel_id,description,price,state,people) values ( 50,10,5,'Free Wifi, Flat Screen',15,'Available',1);





insert into User (email,name,password,role) values ( 'admin@products.com', 'Alice Admin', 'password', 'admin' );

insert into User (email,name,password,role) values ( 'manager@products.com', 'Bob Manager', 'password', 'manager' );

insert into User (email,name,password,role) values ( 'customer@products.com', 'Charlie Customer', 'password', 'customer');

